GrupoA,001,0,0
GrupoA,002,0,0
GrupoA,003,0,0
GrupoA,004,0,0
GrupoA,005,0,0
GrupoA,006,0,0
GrupoA,007,0,0
GrupoA,008,0,0
GrupoA,009,0,0
GrupoA,010,0,0
GrupoA,011,0,0
GrupoA,012,0,0
GrupoA,013,0,0
GrupoA,014,0,0
GrupoA,015,0,0
GrupoA,016,0,0
GrupoA,017,0,0
GrupoA,018,0,0
GrupoA,019,0,0
GrupoA,020,0,0
GrupoA,021,0,0
GrupoA,022,0,0
GrupoA,023,0,0
GrupoA,024,0,0
GrupoA,025,0,0
GrupoA,026,0,0
GrupoA,027,0,0
GrupoA,028,0,0
GrupoA,029,0,0
GrupoA,030,0,0
GrupoA,031,0,0
GrupoA,032,0,0
GrupoA,033,0,0
GrupoA,034,0,0
GrupoA,035,0,0
GrupoA,036,0,0
GrupoA,037,0,0
GrupoA,038,0,0
GrupoA,039,0,0
GrupoA,040,0,0
GrupoA,041,0,0
GrupoA,042,0,0
GrupoA,043,0,0
GrupoA,044,0,0
GrupoA,045,0,0
GrupoA,046,0,0
GrupoA,047,0,0
GrupoA,048,0,0
GrupoA,049,0,0
GrupoA,050,0,0
GrupoA,051,0,0
GrupoA,052,0,0
GrupoA,053,0,0
GrupoA,054,0,0
GrupoA,055,0,0
GrupoA,056,0,0
GrupoA,057,0,0
GrupoA,058,0,0
GrupoA,059,1,0
GrupoA,060,1,0
GrupoA,061,1,0
GrupoA,062,1,0
GrupoA,063,0,0
GrupoA,064,0,0
GrupoA,065,0,0
GrupoA,066,0,0
GrupoA,067,0,0
GrupoA,068,1,0
GrupoA,069,1,0
GrupoA,070,0,0
GrupoA_Z,001,0,0
GrupoA_Z,002,0,0
GrupoA_Z,003,0,0
GrupoA_Z,004,0,0
GrupoA_Z,005,0,0
GrupoA_Z,006,0,0
GrupoA_Z,007,0,0
GrupoA_Z,008,0,0
GrupoA_Z,009,0,0
GrupoA_Z,010,0,0
GrupoA_Z,011,0,0
GrupoA_Z,012,0,0
GrupoA_Z,013,0,0
GrupoA_Z,014,0,0
GrupoA_Z,015,0,0
GrupoA_Z,016,0,0
GrupoA_Z,017,0,0
GrupoA_Z,018,0,0
GrupoA_Z,019,0,0
GrupoA_Z,020,0,0
GrupoA_Z,021,0,0
GrupoA_Z,022,0,0
GrupoA_Z,023,0,0
GrupoA_Z,024,0,0
GrupoA_Z,025,0,0
GrupoA_Z,026,0,0
GrupoA_Z,027,0,0
GrupoA_Z,028,0,0
GrupoA_Z,029,0,0
GrupoA_Z,030,0,0
GrupoA_Z,031,0,0
GrupoA_Z,032,0,0
GrupoA_Z,033,0,0
GrupoA_Z,034,0,0
GrupoA_Z,035,0,0
GrupoA_Z,036,0,0
GrupoA_Z,037,0,0
GrupoA_Z,038,0,0
GrupoA_Z,039,0,0
GrupoA_Z,040,0,0
GrupoA_Z,041,0,0
GrupoA_Z,042,0,0
GrupoA_Z,043,0,0
GrupoA_Z,044,0,0
GrupoA_Z,045,0,0
GrupoA_Z,046,0,0
GrupoA_Z,047,0,0
GrupoA_Z,048,0,0
GrupoA_Z,049,0,0
GrupoA_Z,050,0,0
GrupoA_Z,051,0,0
GrupoA_Z,052,0,0
GrupoA_Z,053,0,0
GrupoA_Z,054,0,0
GrupoA_Z,055,0,0
GrupoA_Z,056,0,0
GrupoA_Z,057,0,0
GrupoA_Z,058,0,0
GrupoA_Z,059,1,0
GrupoA_Z,060,1,0
GrupoA_Z,061,1,0
GrupoA_Z,062,1,0
GrupoA_Z,063,0,0
GrupoA_Z,064,0,0
GrupoA_Z,065,0,0
GrupoA_Z,066,0,0
GrupoA_Z,067,0,0
GrupoA_Z,068,1,0
GrupoA_Z,069,1,0
GrupoA_Z,070,0,0
GrupoA_Z,001,0,0
GrupoA_Z,002,0,0
GrupoA_Z,003,0,0
GrupoA_Z,004,0,0
GrupoA_Z,005,0,0
GrupoA_Z,006,0,0
GrupoA_Z,007,0,0
GrupoA_Z,008,0,0
GrupoA_Z,009,0,0
GrupoA_Z,010,0,0
GrupoA_Z,011,0,0
GrupoA_Z,012,0,0
GrupoA_Z,013,0,0
GrupoA_Z,014,0,0
GrupoA_Z,015,0,0
GrupoA_Z,016,0,0
GrupoA_Z,017,0,0
GrupoA_Z,018,0,0
GrupoA_Z,019,0,0
GrupoA_Z,020,0,0
GrupoA_Z,021,0,0
GrupoA_Z,022,0,0
GrupoA_Z,023,0,0
GrupoA_Z,024,0,0
GrupoA_Z,025,0,0
GrupoA_Z,026,0,0
GrupoA_Z,027,0,0
GrupoA_Z,028,0,0
GrupoA_Z,029,0,0
GrupoA_Z,030,0,0
GrupoA_Z,031,0,0
GrupoA_Z,032,0,0
GrupoA_Z,033,0,0
GrupoA_Z,034,0,0
GrupoA_Z,035,0,0
GrupoA_Z,036,0,0
GrupoA_Z,037,0,0
GrupoA_Z,038,0,0
GrupoA_Z,039,0,0
GrupoA_Z,040,0,0
GrupoA_Z,041,0,0
GrupoA_Z,042,0,0
GrupoA_Z,043,0,0
GrupoA_Z,044,0,0
GrupoA_Z,045,0,0
GrupoA_Z,046,0,0
GrupoA_Z,047,0,0
GrupoA_Z,048,0,0
GrupoA_Z,049,0,0
GrupoA_Z,050,0,0
GrupoA_Z,051,0,0
GrupoA_Z,052,0,0
GrupoA_Z,053,0,0
GrupoA_Z,054,0,0
GrupoA_Z,055,0,0
GrupoA_Z,056,0,0
GrupoA_Z,057,0,0
GrupoA_Z,058,0,0
GrupoA_Z,059,1,0
GrupoA_Z,060,1,0
GrupoA_Z,061,1,0
GrupoA_Z,062,1,0
GrupoA_Z,063,0,0
GrupoA_Z,064,0,0
GrupoA_Z,065,0,0
GrupoA_Z,066,0,0
GrupoA_Z,067,0,0
GrupoA_Z,068,1,0
GrupoA_Z,069,1,0
GrupoA_Z,070,0,0
GrupoB_Z,001,0,0
GrupoB_Z,002,0,0
GrupoB_Z,003,0,0
GrupoB_Z,004,0,0
GrupoB_Z,005,0,0
GrupoB_Z,006,0,0
GrupoB_Z,007,0,0
GrupoB_Z,008,0,0
GrupoB_Z,009,0,0
GrupoB_Z,010,0,0
GrupoB_Z,011,0,0
GrupoB_Z,012,0,0
GrupoB_Z,013,0,0
GrupoB_Z,014,0,0
GrupoB_Z,015,0,0
GrupoB_Z,016,0,0
GrupoB_Z,017,0,0
GrupoB_Z,018,0,0
GrupoB_Z,019,0,0
GrupoB_Z,020,0,0
GrupoB_Z,021,0,0
GrupoB_Z,022,0,0
GrupoB_Z,023,0,0
GrupoB_Z,024,0,0
GrupoB_Z,025,0,0
GrupoB_Z,026,0,0
GrupoB_Z,027,0,0
GrupoB_Z,028,0,0
GrupoB_Z,029,0,0
GrupoB_Z,030,0,0
GrupoB_Z,031,0,0
GrupoB_Z,032,0,0
GrupoB_Z,033,0,0
GrupoB_Z,034,0,0
GrupoB_Z,035,0,0
GrupoB_Z,036,0,0
GrupoB_Z,037,0,0
GrupoB_Z,038,0,0
GrupoB_Z,039,0,0
GrupoB_Z,040,0,0
GrupoB_Z,041,0,0
GrupoB_Z,042,0,0
GrupoB_Z,043,0,0
GrupoB_Z,044,0,0
GrupoB_Z,045,0,0
GrupoB_Z,046,0,0
GrupoB_Z,047,0,0
GrupoB_Z,048,0,0
GrupoB_Z,049,0,0
GrupoB_Z,050,0,0
GrupoB_Z,051,0,0
GrupoB_Z,052,0,0
GrupoB_Z,053,0,0
GrupoB_Z,054,0,0
GrupoB_Z,055,0,0
GrupoB_Z,056,0,0
GrupoB_Z,057,0,0
GrupoB_Z,058,0,0
GrupoB_Z,059,1,0
GrupoB_Z,060,1,0
GrupoB_Z,061,1,0
GrupoB_Z,062,1,0
GrupoB_Z,063,0,0
GrupoB_Z,064,0,0
GrupoB_Z,065,0,0
GrupoB_Z,066,0,0
GrupoB_Z,067,0,0
GrupoB_Z,068,1,0
GrupoB_Z,069,1,0
GrupoB_Z,070,0,0
GrupoC,001,0,0
GrupoC,002,0,0
GrupoC,003,0,0
GrupoC,004,0,0
GrupoC,005,0,0
GrupoC,006,0,0
GrupoC,007,0,0
GrupoC,008,0,0
GrupoC,009,0,0
GrupoC,010,0,0
GrupoC,011,0,0
GrupoC,012,0,0
GrupoC,013,0,0
GrupoC,014,0,0
GrupoC,015,0,0
GrupoC,016,0,0
GrupoC,017,0,0
GrupoC,018,0,0
GrupoC,019,0,0
GrupoC,020,0,0
GrupoC,021,0,0
GrupoC,022,0,0
GrupoC,023,0,0
GrupoC,024,0,0
GrupoC,025,0,0
GrupoC,026,0,0
GrupoC,027,0,0
GrupoC,028,0,0
GrupoC,029,0,0
GrupoC,030,0,0
GrupoC,031,0,0
GrupoC,032,0,0
GrupoC,033,0,0
GrupoC,034,0,0
GrupoC,035,0,0
GrupoC,036,0,0
GrupoC,037,0,0
GrupoC,038,0,0
GrupoC,039,0,0
GrupoC,040,0,0
GrupoC,041,0,0
GrupoC,042,0,0
GrupoC,043,0,0
GrupoC,044,0,0
GrupoC,045,0,0
GrupoC,046,0,0
GrupoC,047,0,0
GrupoC,048,0,0
GrupoC,049,0,0
GrupoC,050,0,0
GrupoC,051,0,0
GrupoC,052,0,0
GrupoC,053,0,0
GrupoC,054,0,0
GrupoC,055,0,0
GrupoC,056,0,0
GrupoC,057,0,0
GrupoC,058,0,0
GrupoC,059,1,0
GrupoC,060,1,0
GrupoC,061,1,0
GrupoC,062,1,0
GrupoC,063,0,0
GrupoC,064,0,0
GrupoC,065,0,0
GrupoC,066,0,0
GrupoC,067,0,0
GrupoC,068,1,0
GrupoC,069,1,0
GrupoC,070,0,0
GrupoC_Z,001,0,0
GrupoC_Z,002,0,0
GrupoC_Z,003,0,0
GrupoC_Z,004,0,0
GrupoC_Z,005,0,0
GrupoC_Z,006,0,0
GrupoC_Z,007,0,0
GrupoC_Z,008,0,0
GrupoC_Z,009,0,0
GrupoC_Z,010,0,0
GrupoC_Z,011,0,0
GrupoC_Z,012,0,0
GrupoC_Z,013,0,0
GrupoC_Z,014,0,0
GrupoC_Z,015,0,0
GrupoC_Z,016,0,0
GrupoC_Z,017,0,0
GrupoC_Z,018,0,0
GrupoC_Z,019,0,0
GrupoC_Z,020,0,0
GrupoC_Z,021,0,0
GrupoC_Z,022,0,0
GrupoC_Z,023,0,0
GrupoC_Z,024,0,0
GrupoC_Z,025,0,0
GrupoC_Z,026,0,0
GrupoC_Z,027,0,0
GrupoC_Z,028,0,0
GrupoC_Z,029,0,0
GrupoC_Z,030,0,0
GrupoC_Z,031,0,0
GrupoC_Z,032,0,0
GrupoC_Z,033,0,0
GrupoC_Z,034,0,0
GrupoC_Z,035,0,0
GrupoC_Z,036,0,0
GrupoC_Z,037,0,0
GrupoC_Z,038,0,0
GrupoC_Z,039,0,0
GrupoC_Z,040,0,0
GrupoC_Z,041,0,0
GrupoC_Z,042,0,0
GrupoC_Z,043,0,0
GrupoC_Z,044,0,0
GrupoC_Z,045,0,0
GrupoC_Z,046,0,0
GrupoC_Z,047,0,0
GrupoC_Z,048,0,0
GrupoC_Z,049,0,0
GrupoC_Z,050,0,0
GrupoC_Z,051,0,0
GrupoC_Z,052,0,0
GrupoC_Z,053,0,0
GrupoC_Z,054,0,0
GrupoC_Z,055,0,0
GrupoC_Z,056,0,0
GrupoC_Z,057,0,0
GrupoC_Z,058,0,0
GrupoC_Z,059,1,0
GrupoC_Z,060,1,0
GrupoC_Z,061,1,0
GrupoC_Z,062,1,0
GrupoC_Z,063,0,0
GrupoC_Z,064,0,0
GrupoC_Z,065,0,0
GrupoC_Z,066,0,0
GrupoC_Z,067,0,0
GrupoC_Z,068,1,0
GrupoC_Z,069,1,0
GrupoC_Z,070,0,0
GrupoC_Z,001,0,0
GrupoC_Z,002,0,0
GrupoC_Z,003,0,0
GrupoC_Z,004,0,0
GrupoC_Z,005,0,0
GrupoC_Z,006,0,0
GrupoC_Z,007,0,0
GrupoC_Z,008,0,0
GrupoC_Z,009,0,0
GrupoC_Z,010,0,0
GrupoC_Z,011,0,0
GrupoC_Z,012,0,0
GrupoC_Z,013,0,0
GrupoC_Z,014,0,0
GrupoC_Z,015,0,0
GrupoC_Z,016,0,0
GrupoC_Z,017,0,0
GrupoC_Z,018,0,0
GrupoC_Z,019,0,0
GrupoC_Z,020,0,0
GrupoC_Z,021,0,0
GrupoC_Z,022,0,0
GrupoC_Z,023,0,0
GrupoC_Z,024,0,0
GrupoC_Z,025,0,0
GrupoC_Z,026,0,0
GrupoC_Z,027,0,0
GrupoC_Z,028,0,0
GrupoC_Z,029,0,0
GrupoC_Z,030,0,0
GrupoC_Z,031,0,0
GrupoC_Z,032,0,0
GrupoC_Z,033,0,0
GrupoC_Z,034,0,0
GrupoC_Z,035,0,0
GrupoC_Z,036,0,0
GrupoC_Z,037,0,0
GrupoC_Z,038,0,0
GrupoC_Z,039,0,0
GrupoC_Z,040,0,0
GrupoC_Z,041,0,0
GrupoC_Z,042,0,0
GrupoC_Z,043,0,0
GrupoC_Z,044,0,0
GrupoC_Z,045,0,0
GrupoC_Z,046,0,0
GrupoC_Z,047,0,0
GrupoC_Z,048,0,0
GrupoC_Z,049,0,0
GrupoC_Z,050,0,0
GrupoC_Z,051,0,0
GrupoC_Z,052,0,0
GrupoC_Z,053,0,0
GrupoC_Z,054,0,0
GrupoC_Z,055,0,0
GrupoC_Z,056,0,0
GrupoC_Z,057,0,0
GrupoC_Z,058,0,0
GrupoC_Z,059,1,0
GrupoC_Z,060,1,0
GrupoC_Z,061,1,0
GrupoC_Z,062,1,0
GrupoC_Z,063,0,0
GrupoC_Z,064,0,0
GrupoC_Z,065,0,0
GrupoC_Z,066,0,0
GrupoC_Z,067,0,0
GrupoC_Z,068,1,0
GrupoC_Z,069,1,0
GrupoC_Z,070,0,0
GrupoD_Z,001,0,0
GrupoD_Z,002,0,0
GrupoD_Z,003,0,0
GrupoD_Z,004,0,0
GrupoD_Z,005,0,0
GrupoD_Z,006,0,0
GrupoD_Z,007,0,0
GrupoD_Z,008,0,0
GrupoD_Z,009,0,0
GrupoD_Z,010,0,0
GrupoD_Z,011,0,0
GrupoD_Z,012,0,0
GrupoD_Z,013,0,0
GrupoD_Z,014,0,0
GrupoD_Z,015,0,0
GrupoD_Z,016,0,0
GrupoD_Z,017,0,0
GrupoD_Z,018,0,0
GrupoD_Z,019,0,0
GrupoD_Z,020,0,0
GrupoD_Z,021,0,0
GrupoD_Z,022,0,0
GrupoD_Z,023,0,0
GrupoD_Z,024,0,0
GrupoD_Z,025,0,0
GrupoD_Z,026,0,0
GrupoD_Z,027,0,0
GrupoD_Z,028,0,0
GrupoD_Z,029,0,0
GrupoD_Z,030,0,0
GrupoD_Z,031,0,0
GrupoD_Z,032,0,0
GrupoD_Z,033,0,0
GrupoD_Z,034,0,0
GrupoD_Z,035,0,0
GrupoD_Z,036,0,0
GrupoD_Z,037,0,0
GrupoD_Z,038,0,0
GrupoD_Z,039,0,0
GrupoD_Z,040,0,0
GrupoD_Z,041,0,0
GrupoD_Z,042,0,0
GrupoD_Z,043,0,0
GrupoD_Z,044,0,0
GrupoD_Z,045,0,0
GrupoD_Z,046,0,0
GrupoD_Z,047,0,0
GrupoD_Z,048,0,0
GrupoD_Z,049,0,0
GrupoD_Z,050,0,0
GrupoD_Z,051,0,0
GrupoD_Z,052,0,0
GrupoD_Z,053,0,0
GrupoD_Z,054,0,0
GrupoD_Z,055,0,0
GrupoD_Z,056,0,0
GrupoD_Z,057,0,0
GrupoD_Z,058,0,0
GrupoD_Z,059,1,0
GrupoD_Z,060,1,0
GrupoD_Z,061,1,0
GrupoD_Z,062,1,0
GrupoD_Z,063,0,0
GrupoD_Z,064,0,0
GrupoD_Z,065,0,0
GrupoD_Z,066,0,0
GrupoD_Z,067,0,0
GrupoD_Z,068,1,0
GrupoD_Z,069,1,0
GrupoD_Z,070,0,0
GrupoE,001,0,0
GrupoE,002,0,0
GrupoE,003,0,0
GrupoE,004,0,0
GrupoE,005,0,0
GrupoE,006,0,0
GrupoE,007,0,0
GrupoE,008,0,0
GrupoE,009,0,0
GrupoE,010,0,0
GrupoE,011,0,0
GrupoE,012,0,0
GrupoE,013,0,0
GrupoE,014,0,0
GrupoE,015,0,0
GrupoE,016,0,0
GrupoE,017,0,0
GrupoE,018,0,0
GrupoE,019,0,0
GrupoE,020,0,0
GrupoE,021,0,0
GrupoE,022,0,0
GrupoE,023,0,0
GrupoE,024,0,0
GrupoE,025,0,0
GrupoE,026,0,0
GrupoE,027,0,0
GrupoE,028,0,0
GrupoE,029,0,0
GrupoE,030,0,0
GrupoE,031,0,0
GrupoE,032,0,0
GrupoE,033,0,0
GrupoE,034,0,0
GrupoE,035,0,0
GrupoE,036,0,0
GrupoE,037,0,0
GrupoE,038,0,0
GrupoE,039,0,0
GrupoE,040,0,0
GrupoE,041,0,0
GrupoE,042,0,0
GrupoE,043,0,0
GrupoE,044,0,0
GrupoE,045,0,0
GrupoE,046,0,0
GrupoE,047,0,0
GrupoE,048,0,0
GrupoE,049,0,0
GrupoE,050,0,0
GrupoE,051,0,0
GrupoE,052,0,0
GrupoE,053,0,0
GrupoE,054,0,0
GrupoE,055,0,0
GrupoE,056,0,0
GrupoE,057,0,0
GrupoE,058,0,0
GrupoE,059,1,0
GrupoE,060,1,0
GrupoE,061,1,0
GrupoE,062,1,0
GrupoE,063,0,0
GrupoE,064,0,0
GrupoE,065,0,0
GrupoE,066,0,0
GrupoE,067,0,0
GrupoE,068,1,0
GrupoE,069,1,0
GrupoE,070,0,0
GrupoF_Z,001,0,0
GrupoF_Z,002,0,0
GrupoF_Z,003,0,0
GrupoF_Z,004,0,0
GrupoF_Z,005,0,0
GrupoF_Z,006,0,0
GrupoF_Z,007,0,0
GrupoF_Z,008,0,0
GrupoF_Z,009,0,0
GrupoF_Z,010,0,0
GrupoF_Z,011,0,0
GrupoF_Z,012,0,0
GrupoF_Z,013,0,0
GrupoF_Z,014,0,0
GrupoF_Z,015,0,0
GrupoF_Z,016,0,0
GrupoF_Z,017,0,0
GrupoF_Z,018,0,0
GrupoF_Z,019,0,0
GrupoF_Z,020,0,0
GrupoF_Z,021,0,0
GrupoF_Z,022,0,0
GrupoF_Z,023,0,0
GrupoF_Z,024,0,0
GrupoF_Z,025,0,0
GrupoF_Z,026,0,0
GrupoF_Z,027,0,0
GrupoF_Z,028,0,0
GrupoF_Z,029,0,0
GrupoF_Z,030,0,0
GrupoF_Z,031,0,0
GrupoF_Z,032,0,0
GrupoF_Z,033,0,0
GrupoF_Z,034,0,0
GrupoF_Z,035,0,0
GrupoF_Z,036,0,0
GrupoF_Z,037,0,0
GrupoF_Z,038,0,0
GrupoF_Z,039,0,0
GrupoF_Z,040,0,0
GrupoF_Z,041,0,0
GrupoF_Z,042,0,0
GrupoF_Z,043,0,0
GrupoF_Z,044,0,0
GrupoF_Z,045,0,0
GrupoF_Z,046,0,0
GrupoF_Z,047,0,0
GrupoF_Z,048,0,0
GrupoF_Z,049,0,0
GrupoF_Z,050,0,0
GrupoF_Z,051,0,0
GrupoF_Z,052,0,0
GrupoF_Z,053,0,0
GrupoF_Z,054,0,0
GrupoF_Z,055,0,0
GrupoF_Z,056,0,0
GrupoF_Z,057,0,0
GrupoF_Z,058,0,0
GrupoF_Z,059,1,0
GrupoF_Z,060,1,0
GrupoF_Z,061,1,0
GrupoF_Z,062,1,0
GrupoF_Z,063,0,0
GrupoF_Z,064,0,0
GrupoF_Z,065,0,0
GrupoF_Z,066,0,0
GrupoF_Z,067,0,0
GrupoF_Z,068,1,0
GrupoF_Z,069,1,0
GrupoF_Z,070,0,0
GrupoG,001,0,0
GrupoG,002,0,0
GrupoG,003,0,0
GrupoG,004,0,0
GrupoG,005,0,0
GrupoG,006,0,0
GrupoG,007,0,0
GrupoG,008,0,0
GrupoG,009,0,0
GrupoG,010,0,0
GrupoG,011,0,0
GrupoG,012,0,0
GrupoG,013,0,0
GrupoG,014,0,0
GrupoG,015,0,0
GrupoG,016,0,0
GrupoG,017,0,0
GrupoG,018,0,0
GrupoG,019,0,0
GrupoG,020,0,0
GrupoG,021,0,0
GrupoG,022,0,0
GrupoG,023,0,0
GrupoG,024,0,0
GrupoG,025,0,0
GrupoG,026,0,0
GrupoG,027,0,0
GrupoG,028,0,0
GrupoG,029,0,0
GrupoG,030,0,0
GrupoG,031,0,0
GrupoG,032,0,0
GrupoG,033,0,0
GrupoG,034,0,0
GrupoG,035,0,0
GrupoG,036,0,0
GrupoG,037,0,0
GrupoG,038,0,0
GrupoG,039,0,0
GrupoG,040,0,0
GrupoG,041,0,0
GrupoG,042,0,0
GrupoG,043,0,0
GrupoG,044,0,0
GrupoG,045,0,0
GrupoG,046,0,0
GrupoG,047,0,0
GrupoG,048,0,0
GrupoG,049,0,0
GrupoG,050,0,0
GrupoG,051,0,0
GrupoG,052,0,0
GrupoG,053,0,0
GrupoG,054,0,0
GrupoG,055,0,0
GrupoG,056,0,0
GrupoG,057,0,0
GrupoG,058,0,0
GrupoG,059,1,0
GrupoG,060,1,0
GrupoG,061,1,0
GrupoG,062,1,0
GrupoG,063,0,0
GrupoG,064,0,0
GrupoG,065,0,0
GrupoG,066,0,0
GrupoG,067,0,0
GrupoG,068,1,0
GrupoG,069,1,0
GrupoG,070,0,0
GrupoG_Z,001,0,0
GrupoG_Z,002,0,0
GrupoG_Z,003,0,0
GrupoG_Z,004,0,0
GrupoG_Z,005,0,0
GrupoG_Z,006,0,0
GrupoG_Z,007,0,0
GrupoG_Z,008,0,0
GrupoG_Z,009,0,0
GrupoG_Z,010,0,0
GrupoG_Z,011,0,0
GrupoG_Z,012,0,0
GrupoG_Z,013,0,0
GrupoG_Z,014,0,0
GrupoG_Z,015,0,0
GrupoG_Z,016,0,0
GrupoG_Z,017,0,0
GrupoG_Z,018,0,0
GrupoG_Z,019,0,0
GrupoG_Z,020,0,0
GrupoG_Z,021,0,0
GrupoG_Z,022,0,0
GrupoG_Z,023,0,0
GrupoG_Z,024,0,0
GrupoG_Z,025,0,0
GrupoG_Z,026,0,0
GrupoG_Z,027,0,0
GrupoG_Z,028,0,0
GrupoG_Z,029,0,0
GrupoG_Z,030,0,0
GrupoG_Z,031,0,0
GrupoG_Z,032,0,0
GrupoG_Z,033,0,0
GrupoG_Z,034,0,0
GrupoG_Z,035,0,0
GrupoG_Z,036,0,0
GrupoG_Z,037,0,0
GrupoG_Z,038,0,0
GrupoG_Z,039,0,0
GrupoG_Z,040,0,0
GrupoG_Z,041,0,0
GrupoG_Z,042,0,0
GrupoG_Z,043,0,0
GrupoG_Z,044,0,0
GrupoG_Z,045,0,0
GrupoG_Z,046,0,0
GrupoG_Z,047,0,0
GrupoG_Z,048,0,0
GrupoG_Z,049,0,0
GrupoG_Z,050,0,0
GrupoG_Z,051,0,0
GrupoG_Z,052,0,0
GrupoG_Z,053,0,0
GrupoG_Z,054,0,0
GrupoG_Z,055,0,0
GrupoG_Z,056,0,0
GrupoG_Z,057,0,0
GrupoG_Z,058,0,0
GrupoG_Z,059,1,0
GrupoG_Z,060,1,0
GrupoG_Z,061,1,0
GrupoG_Z,062,1,0
GrupoG_Z,063,0,0
GrupoG_Z,064,0,0
GrupoG_Z,065,0,0
GrupoG_Z,066,0,0
GrupoG_Z,067,0,0
GrupoG_Z,068,1,0
GrupoG_Z,069,1,0
GrupoG_Z,070,0,0
GrupoG_Z,001,0,0
GrupoG_Z,002,0,0
GrupoG_Z,003,0,0
GrupoG_Z,004,0,0
GrupoG_Z,005,0,0
GrupoG_Z,006,0,0
GrupoG_Z,007,0,0
GrupoG_Z,008,0,0
GrupoG_Z,009,0,0
GrupoG_Z,010,0,0
GrupoG_Z,011,0,0
GrupoG_Z,012,0,0
GrupoG_Z,013,0,0
GrupoG_Z,014,0,0
GrupoG_Z,015,0,0
GrupoG_Z,016,0,0
GrupoG_Z,017,0,0
GrupoG_Z,018,0,0
GrupoG_Z,019,0,0
GrupoG_Z,020,0,0
GrupoG_Z,021,0,0
GrupoG_Z,022,0,0
GrupoG_Z,023,0,0
GrupoG_Z,024,0,0
GrupoG_Z,025,0,0
GrupoG_Z,026,0,0
GrupoG_Z,027,0,0
GrupoG_Z,028,0,0
GrupoG_Z,029,0,0
GrupoG_Z,030,0,0
GrupoG_Z,031,0,0
GrupoG_Z,032,0,0
GrupoG_Z,033,0,0
GrupoG_Z,034,0,0
GrupoG_Z,035,0,0
GrupoG_Z,036,0,0
GrupoG_Z,037,0,0
GrupoG_Z,038,0,0
GrupoG_Z,039,0,0
GrupoG_Z,040,0,0
GrupoG_Z,041,0,0
GrupoG_Z,042,0,0
GrupoG_Z,043,0,0
GrupoG_Z,044,0,0
GrupoG_Z,045,0,0
GrupoG_Z,046,0,0
GrupoG_Z,047,0,0
GrupoG_Z,048,0,0
GrupoG_Z,049,0,0
GrupoG_Z,050,0,0
GrupoG_Z,051,0,0
GrupoG_Z,052,0,0
GrupoG_Z,053,0,0
GrupoG_Z,054,0,0
GrupoG_Z,055,0,0
GrupoG_Z,056,0,0
GrupoG_Z,057,0,0
GrupoG_Z,058,0,0
GrupoG_Z,059,1,0
GrupoG_Z,060,1,0
GrupoG_Z,061,1,0
GrupoG_Z,062,1,0
GrupoG_Z,063,0,0
GrupoG_Z,064,0,0
GrupoG_Z,065,0,0
GrupoG_Z,066,0,0
GrupoG_Z,067,0,0
GrupoG_Z,068,1,0
GrupoG_Z,069,1,0
GrupoG_Z,070,0,0
GrupoH,001,0,0
GrupoH,002,0,0
GrupoH,003,0,0
GrupoH,004,0,0
GrupoH,005,0,0
GrupoH,006,0,0
GrupoH,007,0,0
GrupoH,008,0,0
GrupoH,009,0,0
GrupoH,010,0,0
GrupoH,011,0,0
GrupoH,012,0,0
GrupoH,013,0,0
GrupoH,014,0,0
GrupoH,015,0,0
GrupoH,016,0,0
GrupoH,017,0,0
GrupoH,018,0,0
GrupoH,019,0,0
GrupoH,020,0,0
GrupoH,021,0,0
GrupoH,022,0,0
GrupoH,023,0,0
GrupoH,024,0,0
GrupoH,025,0,0
GrupoH,026,0,0
GrupoH,027,0,0
GrupoH,028,0,0
GrupoH,029,0,0
GrupoH,030,0,0
GrupoH,031,0,0
GrupoH,032,0,0
GrupoH,033,0,0
GrupoH,034,0,0
GrupoH,035,0,0
GrupoH,036,0,0
GrupoH,037,0,0
GrupoH,038,0,0
GrupoH,039,0,0
GrupoH,040,0,0
GrupoH,041,0,0
GrupoH,042,0,0
GrupoH,043,0,0
GrupoH,044,0,0
GrupoH,045,0,0
GrupoH,046,0,0
GrupoH,047,0,0
GrupoH,048,0,0
GrupoH,049,0,0
GrupoH,050,0,0
GrupoH,051,0,0
GrupoH,052,0,0
GrupoH,053,0,0
GrupoH,054,0,0
GrupoH,055,0,0
GrupoH,056,0,0
GrupoH,057,0,0
GrupoH,058,0,0
GrupoH,059,1,0
GrupoH,060,1,0
GrupoH,061,1,0
GrupoH,062,1,0
GrupoH,063,0,0
GrupoH,064,0,0
GrupoH,065,0,0
GrupoH,066,0,0
GrupoH,067,0,0
GrupoH,068,1,0
GrupoH,069,1,0
GrupoH,070,0,0
GrupoI,001,0,0
GrupoI,002,0,0
GrupoI,003,0,0
GrupoI,004,0,0
GrupoI,005,0,0
GrupoI,006,0,0
GrupoI,007,0,0
GrupoI,008,0,0
GrupoI,009,0,0
GrupoI,010,0,0
GrupoI,011,0,0
GrupoI,012,0,0
GrupoI,013,0,0
GrupoI,014,0,0
GrupoI,015,0,0
GrupoI,016,0,0
GrupoI,017,0,0
GrupoI,018,0,0
GrupoI,019,0,0
GrupoI,020,0,0
GrupoI,021,0,0
GrupoI,022,0,0
GrupoI,023,0,0
GrupoI,024,0,0
GrupoI,025,0,0
GrupoI,026,0,0
GrupoI,027,1,1
GrupoI,028,1,1
GrupoI,029,1,1
GrupoI,030,1,1
GrupoI,031,0,0
GrupoI,032,0,0
GrupoI,033,0,0
GrupoI,034,0,0
GrupoI,035,1,1
GrupoI,036,1,1
GrupoI,037,0,0
GrupoI,038,1,1
GrupoI,039,1,1
GrupoI,040,0,0
GrupoI,041,1,1
GrupoI,042,0,0
GrupoI,043,1,1
GrupoI,044,1,1
GrupoI,045,0,0
GrupoI,046,0,0
GrupoI,047,0,0
GrupoI,048,1,1
GrupoI,049,1,1
GrupoI,050,1,1
GrupoI,051,1,1
GrupoI,052,1,1
GrupoI,053,1,1
GrupoI,054,1,1
GrupoI,055,0,0
GrupoI,056,0,0
GrupoI,057,0,0
GrupoI,058,1,1
GrupoI,059,1,1
GrupoI,060,1,0
GrupoI,061,1,0
GrupoI,062,1,0
GrupoI,063,0,0
GrupoI,064,0,0
GrupoI,065,0,0
GrupoI,066,1,1
GrupoI,067,1,1
GrupoI,068,1,0
GrupoI,069,1,0
GrupoI,070,0,0
GrupoI_Z,001,0,0
GrupoI_Z,002,0,0
GrupoI_Z,003,0,0
GrupoI_Z,004,0,0
GrupoI_Z,005,0,0
GrupoI_Z,006,0,0
GrupoI_Z,007,0,0
GrupoI_Z,008,0,0
GrupoI_Z,009,0,0
GrupoI_Z,010,0,0
GrupoI_Z,011,0,0
GrupoI_Z,012,0,0
GrupoI_Z,013,0,0
GrupoI_Z,014,0,0
GrupoI_Z,015,0,0
GrupoI_Z,016,0,0
GrupoI_Z,017,0,0
GrupoI_Z,018,0,0
GrupoI_Z,019,0,0
GrupoI_Z,020,0,0
GrupoI_Z,021,0,0
GrupoI_Z,022,0,0
GrupoI_Z,023,0,0
GrupoI_Z,024,0,0
GrupoI_Z,025,0,0
GrupoI_Z,026,0,0
GrupoI_Z,027,0,0
GrupoI_Z,028,0,0
GrupoI_Z,029,0,0
GrupoI_Z,030,0,0
GrupoI_Z,031,0,0
GrupoI_Z,032,0,0
GrupoI_Z,033,0,0
GrupoI_Z,034,0,0
GrupoI_Z,035,0,0
GrupoI_Z,036,0,0
GrupoI_Z,037,0,0
GrupoI_Z,038,0,0
GrupoI_Z,039,0,0
GrupoI_Z,040,0,0
GrupoI_Z,041,0,0
GrupoI_Z,042,0,0
GrupoI_Z,043,0,0
GrupoI_Z,044,0,0
GrupoI_Z,045,0,0
GrupoI_Z,046,0,0
GrupoI_Z,047,0,0
GrupoI_Z,048,0,0
GrupoI_Z,049,0,0
GrupoI_Z,050,0,0
GrupoI_Z,051,0,0
GrupoI_Z,052,0,0
GrupoI_Z,053,0,0
GrupoI_Z,054,0,0
GrupoI_Z,055,0,0
GrupoI_Z,056,0,0
GrupoI_Z,057,0,0
GrupoI_Z,058,0,0
GrupoI_Z,059,1,0
GrupoI_Z,060,1,0
GrupoI_Z,061,1,0
GrupoI_Z,062,1,0
GrupoI_Z,063,0,0
GrupoI_Z,064,0,0
GrupoI_Z,065,0,0
GrupoI_Z,066,0,0
GrupoI_Z,067,0,0
GrupoI_Z,068,1,0
GrupoI_Z,069,1,0
GrupoI_Z,070,0,0
GrupoI_Z,001,0,0
GrupoI_Z,002,0,0
GrupoI_Z,003,0,0
GrupoI_Z,004,0,0
GrupoI_Z,005,0,0
GrupoI_Z,006,0,0
GrupoI_Z,007,0,0
GrupoI_Z,008,0,0
GrupoI_Z,009,0,0
GrupoI_Z,010,0,0
GrupoI_Z,011,0,0
GrupoI_Z,012,0,0
GrupoI_Z,013,0,0
GrupoI_Z,014,0,0
GrupoI_Z,015,0,0
GrupoI_Z,016,0,0
GrupoI_Z,017,0,0
GrupoI_Z,018,0,0
GrupoI_Z,019,0,0
GrupoI_Z,020,0,0
GrupoI_Z,021,0,0
GrupoI_Z,022,0,0
GrupoI_Z,023,0,0
GrupoI_Z,024,0,0
GrupoI_Z,025,0,0
GrupoI_Z,026,0,0
GrupoI_Z,027,0,0
GrupoI_Z,028,0,0
GrupoI_Z,029,0,0
GrupoI_Z,030,0,0
GrupoI_Z,031,0,0
GrupoI_Z,032,0,0
GrupoI_Z,033,0,0
GrupoI_Z,034,0,0
GrupoI_Z,035,0,0
GrupoI_Z,036,0,0
GrupoI_Z,037,0,0
GrupoI_Z,038,0,0
GrupoI_Z,039,0,0
GrupoI_Z,040,0,0
GrupoI_Z,041,0,0
GrupoI_Z,042,0,0
GrupoI_Z,043,0,0
GrupoI_Z,044,0,0
GrupoI_Z,045,0,0
GrupoI_Z,046,0,0
GrupoI_Z,047,0,0
GrupoI_Z,048,0,0
GrupoI_Z,049,0,0
GrupoI_Z,050,0,0
GrupoI_Z,051,0,0
GrupoI_Z,052,0,0
GrupoI_Z,053,0,0
GrupoI_Z,054,0,0
GrupoI_Z,055,0,0
GrupoI_Z,056,0,0
GrupoI_Z,057,0,0
GrupoI_Z,058,0,0
GrupoI_Z,059,1,0
GrupoI_Z,060,1,0
GrupoI_Z,061,1,0
GrupoI_Z,062,1,0
GrupoI_Z,063,0,0
GrupoI_Z,064,0,0
GrupoI_Z,065,0,0
GrupoI_Z,066,0,0
GrupoI_Z,067,0,0
GrupoI_Z,068,1,0
GrupoI_Z,069,1,0
GrupoI_Z,070,0,0
GrupoJ,001,0,0
GrupoJ,002,0,0
GrupoJ,003,0,0
GrupoJ,004,0,0
GrupoJ,005,0,0
GrupoJ,006,0,0
GrupoJ,007,0,0
GrupoJ,008,0,0
GrupoJ,009,0,0
GrupoJ,010,0,0
GrupoJ,011,0,0
GrupoJ,012,0,0
GrupoJ,013,0,0
GrupoJ,014,0,0
GrupoJ,015,0,0
GrupoJ,016,0,0
GrupoJ,017,0,0
GrupoJ,018,0,0
GrupoJ,019,0,0
GrupoJ,020,0,0
GrupoJ,021,0,0
GrupoJ,022,0,0
GrupoJ,023,0,0
GrupoJ,024,0,0
GrupoJ,025,0,0
GrupoJ,026,0,0
GrupoJ,027,0,0
GrupoJ,028,0,0
GrupoJ,029,0,0
GrupoJ,030,0,0
GrupoJ,031,0,0
GrupoJ,032,0,0
GrupoJ,033,0,0
GrupoJ,034,0,0
GrupoJ,035,0,0
GrupoJ,036,0,0
GrupoJ,037,0,0
GrupoJ,038,0,0
GrupoJ,039,0,0
GrupoJ,040,0,0
GrupoJ,041,0,0
GrupoJ,042,0,0
GrupoJ,043,0,0
GrupoJ,044,0,0
GrupoJ,045,0,0
GrupoJ,046,0,0
GrupoJ,047,0,0
GrupoJ,048,0,0
GrupoJ,049,0,0
GrupoJ,050,0,0
GrupoJ,051,0,0
GrupoJ,052,0,0
GrupoJ,053,0,0
GrupoJ,054,0,0
GrupoJ,055,0,0
GrupoJ,056,0,0
GrupoJ,057,0,0
GrupoJ,058,0,0
GrupoJ,059,1,0
GrupoJ,060,1,0
GrupoJ,061,1,0
GrupoJ,062,1,0
GrupoJ,063,0,0
GrupoJ,064,0,0
GrupoJ,065,0,0
GrupoJ,066,0,0
GrupoJ,067,0,0
GrupoJ,068,1,0
GrupoJ,069,1,0
GrupoJ,070,0,0
GrupoJ_Z,001,0,0
GrupoJ_Z,002,0,0
GrupoJ_Z,003,0,0
GrupoJ_Z,004,0,0
GrupoJ_Z,005,0,0
GrupoJ_Z,006,0,0
GrupoJ_Z,007,0,0
GrupoJ_Z,008,0,0
GrupoJ_Z,009,0,0
GrupoJ_Z,010,0,0
GrupoJ_Z,011,0,0
GrupoJ_Z,012,0,0
GrupoJ_Z,013,0,0
GrupoJ_Z,014,0,0
GrupoJ_Z,015,0,0
GrupoJ_Z,016,0,0
GrupoJ_Z,017,0,0
GrupoJ_Z,018,0,0
GrupoJ_Z,019,0,0
GrupoJ_Z,020,0,0
GrupoJ_Z,021,0,0
GrupoJ_Z,022,0,0
GrupoJ_Z,023,0,0
GrupoJ_Z,024,0,0
GrupoJ_Z,025,0,0
GrupoJ_Z,026,0,0
GrupoJ_Z,027,0,0
GrupoJ_Z,028,0,0
GrupoJ_Z,029,0,0
GrupoJ_Z,030,0,0
GrupoJ_Z,031,0,0
GrupoJ_Z,032,0,0
GrupoJ_Z,033,0,0
GrupoJ_Z,034,0,0
GrupoJ_Z,035,0,0
GrupoJ_Z,036,0,0
GrupoJ_Z,037,0,0
GrupoJ_Z,038,0,0
GrupoJ_Z,039,0,0
GrupoJ_Z,040,0,0
GrupoJ_Z,041,0,0
GrupoJ_Z,042,0,0
GrupoJ_Z,043,0,0
GrupoJ_Z,044,0,0
GrupoJ_Z,045,0,0
GrupoJ_Z,046,0,0
GrupoJ_Z,047,0,0
GrupoJ_Z,048,0,0
GrupoJ_Z,049,0,0
GrupoJ_Z,050,0,0
GrupoJ_Z,051,0,0
GrupoJ_Z,052,0,0
GrupoJ_Z,053,0,0
GrupoJ_Z,054,0,0
GrupoJ_Z,055,0,0
GrupoJ_Z,056,0,0
GrupoJ_Z,057,0,0
GrupoJ_Z,058,0,0
GrupoJ_Z,059,1,0
GrupoJ_Z,060,1,0
GrupoJ_Z,061,1,0
GrupoJ_Z,062,1,0
GrupoJ_Z,063,0,0
GrupoJ_Z,064,0,0
GrupoJ_Z,065,0,0
GrupoJ_Z,066,0,0
GrupoJ_Z,067,0,0
GrupoJ_Z,068,1,0
GrupoJ_Z,069,1,0
GrupoJ_Z,070,0,0
GrupoJ_Z,001,0,0
GrupoJ_Z,002,0,0
GrupoJ_Z,003,0,0
GrupoJ_Z,004,0,0
GrupoJ_Z,005,0,0
GrupoJ_Z,006,0,0
GrupoJ_Z,007,0,0
GrupoJ_Z,008,0,0
GrupoJ_Z,009,0,0
GrupoJ_Z,010,0,0
GrupoJ_Z,011,0,0
GrupoJ_Z,012,0,0
GrupoJ_Z,013,0,0
GrupoJ_Z,014,0,0
GrupoJ_Z,015,0,0
GrupoJ_Z,016,0,0
GrupoJ_Z,017,0,0
GrupoJ_Z,018,0,0
GrupoJ_Z,019,0,0
GrupoJ_Z,020,0,0
GrupoJ_Z,021,0,0
GrupoJ_Z,022,0,0
GrupoJ_Z,023,0,0
GrupoJ_Z,024,0,0
GrupoJ_Z,025,0,0
GrupoJ_Z,026,0,0
GrupoJ_Z,027,0,0
GrupoJ_Z,028,0,0
GrupoJ_Z,029,0,0
GrupoJ_Z,030,0,0
GrupoJ_Z,031,0,0
GrupoJ_Z,032,0,0
GrupoJ_Z,033,0,0
GrupoJ_Z,034,0,0
GrupoJ_Z,035,0,0
GrupoJ_Z,036,0,0
GrupoJ_Z,037,0,0
GrupoJ_Z,038,0,0
GrupoJ_Z,039,0,0
GrupoJ_Z,040,0,0
GrupoJ_Z,041,0,0
GrupoJ_Z,042,0,0
GrupoJ_Z,043,0,0
GrupoJ_Z,044,0,0
GrupoJ_Z,045,0,0
GrupoJ_Z,046,0,0
GrupoJ_Z,047,0,0
GrupoJ_Z,048,0,0
GrupoJ_Z,049,0,0
GrupoJ_Z,050,0,0
GrupoJ_Z,051,0,0
GrupoJ_Z,052,0,0
GrupoJ_Z,053,0,0
GrupoJ_Z,054,0,0
GrupoJ_Z,055,0,0
GrupoJ_Z,056,0,0
GrupoJ_Z,057,0,0
GrupoJ_Z,058,0,0
GrupoJ_Z,059,1,0
GrupoJ_Z,060,1,0
GrupoJ_Z,061,1,0
GrupoJ_Z,062,1,0
GrupoJ_Z,063,0,0
GrupoJ_Z,064,0,0
GrupoJ_Z,065,0,0
GrupoJ_Z,066,0,0
GrupoJ_Z,067,0,0
GrupoJ_Z,068,1,0
GrupoJ_Z,069,1,0
GrupoJ_Z,070,0,0
GrupoK,001,0,0
GrupoK,002,0,0
GrupoK,003,0,0
GrupoK,004,0,0
GrupoK,005,0,0
GrupoK,006,0,0
GrupoK,007,0,0
GrupoK,008,0,0
GrupoK,009,0,0
GrupoK,010,0,0
GrupoK,011,0,0
GrupoK,012,0,0
GrupoK,013,0,0
GrupoK,014,0,0
GrupoK,015,0,0
GrupoK,016,0,0
GrupoK,017,0,0
GrupoK,018,0,0
GrupoK,019,0,0
GrupoK,020,0,0
GrupoK,021,0,0
GrupoK,022,0,0
GrupoK,023,0,0
GrupoK,024,0,0
GrupoK,025,0,0
GrupoK,026,0,0
GrupoK,027,0,0
GrupoK,028,0,0
GrupoK,029,0,0
GrupoK,030,0,0
GrupoK,031,0,0
GrupoK,032,0,0
GrupoK,033,0,1
GrupoK,034,0,0
GrupoK,035,0,0
GrupoK,036,0,0
GrupoK,037,0,0
GrupoK,038,0,0
GrupoK,039,0,0
GrupoK,040,0,0
GrupoK,041,0,0
GrupoK,042,0,1
GrupoK,043,0,0
GrupoK,044,0,0
GrupoK,045,0,0
GrupoK,046,0,0
GrupoK,047,0,0
GrupoK,048,0,0
GrupoK,049,0,0
GrupoK,050,0,0
GrupoK,051,0,0
GrupoK,052,0,1
GrupoK,053,0,1
GrupoK,054,0,1
GrupoK,055,0,0
GrupoK,056,0,1
GrupoK,057,0,0
GrupoK,058,0,0
GrupoK,059,1,0
GrupoK,060,1,0
GrupoK,061,1,0
GrupoK,062,1,0
GrupoK,063,0,0
GrupoK,064,0,0
GrupoK,065,0,0
GrupoK,066,0,0
GrupoK,067,0,0
GrupoK,068,1,0
GrupoK,069,1,1
GrupoK,070,0,1
GrupoK_Z,001,0,0
GrupoK_Z,002,0,0
GrupoK_Z,003,0,0
GrupoK_Z,004,0,0
GrupoK_Z,005,0,0
GrupoK_Z,006,0,0
GrupoK_Z,007,0,0
GrupoK_Z,008,0,0
GrupoK_Z,009,0,0
GrupoK_Z,010,0,0
GrupoK_Z,011,0,0
GrupoK_Z,012,0,0
GrupoK_Z,013,0,0
GrupoK_Z,014,0,0
GrupoK_Z,015,0,0
GrupoK_Z,016,0,0
GrupoK_Z,017,0,0
GrupoK_Z,018,0,0
GrupoK_Z,019,0,0
GrupoK_Z,020,0,0
GrupoK_Z,021,0,0
GrupoK_Z,022,0,0
GrupoK_Z,023,0,0
GrupoK_Z,024,0,0
GrupoK_Z,025,0,0
GrupoK_Z,026,0,0
GrupoK_Z,027,0,0
GrupoK_Z,028,0,0
GrupoK_Z,029,0,0
GrupoK_Z,030,0,0
GrupoK_Z,031,0,0
GrupoK_Z,032,0,0
GrupoK_Z,033,0,0
GrupoK_Z,034,0,0
GrupoK_Z,035,0,0
GrupoK_Z,036,0,0
GrupoK_Z,037,0,0
GrupoK_Z,038,0,0
GrupoK_Z,039,0,0
GrupoK_Z,040,0,0
GrupoK_Z,041,0,0
GrupoK_Z,042,0,0
GrupoK_Z,043,0,0
GrupoK_Z,044,0,0
GrupoK_Z,045,0,0
GrupoK_Z,046,0,0
GrupoK_Z,047,0,0
GrupoK_Z,048,0,0
GrupoK_Z,049,0,0
GrupoK_Z,050,0,0
GrupoK_Z,051,0,0
GrupoK_Z,052,0,0
GrupoK_Z,053,0,0
GrupoK_Z,054,0,0
GrupoK_Z,055,0,0
GrupoK_Z,056,0,0
GrupoK_Z,057,0,0
GrupoK_Z,058,0,0
GrupoK_Z,059,1,0
GrupoK_Z,060,1,0
GrupoK_Z,061,1,0
GrupoK_Z,062,1,0
GrupoK_Z,063,0,0
GrupoK_Z,064,0,0
GrupoK_Z,065,0,0
GrupoK_Z,066,0,0
GrupoK_Z,067,0,0
GrupoK_Z,068,1,0
GrupoK_Z,069,1,0
GrupoK_Z,070,0,0
GrupoK_Z,001,0,0
GrupoK_Z,002,0,0
GrupoK_Z,003,0,0
GrupoK_Z,004,0,0
GrupoK_Z,005,0,0
GrupoK_Z,006,0,0
GrupoK_Z,007,0,0
GrupoK_Z,008,0,0
GrupoK_Z,009,0,0
GrupoK_Z,010,0,0
GrupoK_Z,011,0,0
GrupoK_Z,012,0,0
GrupoK_Z,013,0,0
GrupoK_Z,014,0,0
GrupoK_Z,015,0,0
GrupoK_Z,016,0,0
GrupoK_Z,017,0,0
GrupoK_Z,018,0,0
GrupoK_Z,019,0,0
GrupoK_Z,020,0,0
GrupoK_Z,021,0,0
GrupoK_Z,022,0,0
GrupoK_Z,023,0,0
GrupoK_Z,024,0,0
GrupoK_Z,025,0,0
GrupoK_Z,026,0,0
GrupoK_Z,027,0,0
GrupoK_Z,028,0,0
GrupoK_Z,029,0,0
GrupoK_Z,030,0,0
GrupoK_Z,031,0,0
GrupoK_Z,032,0,0
GrupoK_Z,033,0,0
GrupoK_Z,034,0,0
GrupoK_Z,035,0,0
GrupoK_Z,036,0,0
GrupoK_Z,037,0,0
GrupoK_Z,038,0,0
GrupoK_Z,039,0,0
GrupoK_Z,040,0,0
GrupoK_Z,041,0,0
GrupoK_Z,042,0,0
GrupoK_Z,043,0,0
GrupoK_Z,044,0,0
GrupoK_Z,045,0,0
GrupoK_Z,046,0,0
GrupoK_Z,047,0,0
GrupoK_Z,048,0,0
GrupoK_Z,049,0,0
GrupoK_Z,050,0,0
GrupoK_Z,051,0,0
GrupoK_Z,052,0,0
GrupoK_Z,053,0,0
GrupoK_Z,054,0,0
GrupoK_Z,055,0,0
GrupoK_Z,056,0,0
GrupoK_Z,057,0,0
GrupoK_Z,058,0,0
GrupoK_Z,059,1,0
GrupoK_Z,060,1,0
GrupoK_Z,061,1,0
GrupoK_Z,062,1,0
GrupoK_Z,063,0,0
GrupoK_Z,064,0,0
GrupoK_Z,065,0,0
GrupoK_Z,066,0,0
GrupoK_Z,067,0,0
GrupoK_Z,068,1,0
GrupoK_Z,069,1,0
GrupoK_Z,070,0,0
GrupoL,001,0,0
GrupoL,002,0,0
GrupoL,003,0,0
GrupoL,004,0,0
GrupoL,005,0,0
GrupoL,006,0,0
GrupoL,007,0,0
GrupoL,008,0,0
GrupoL,009,0,0
GrupoL,010,0,0
GrupoL,011,0,0
GrupoL,012,0,0
GrupoL,013,0,0
GrupoL,014,1,1
GrupoL,015,0,0
GrupoL,016,0,0
GrupoL,017,0,0
GrupoL,018,0,0
GrupoL,019,0,0
GrupoL,020,0,0
GrupoL,021,0,0
GrupoL,022,0,0
GrupoL,023,0,0
GrupoL,024,0,0
GrupoL,025,0,0
GrupoL,026,0,0
GrupoL,027,0,0
GrupoL,028,0,0
GrupoL,029,0,0
GrupoL,030,0,0
GrupoL,031,0,0
GrupoL,032,0,0
GrupoL,033,0,0
GrupoL,034,0,0
GrupoL,035,1,1
GrupoL,036,0,0
GrupoL,037,0,0
GrupoL,038,1,1
GrupoL,039,0,0
GrupoL,040,0,0
GrupoL,041,0,0
GrupoL,042,0,0
GrupoL,043,0,0
GrupoL,044,0,0
GrupoL,045,0,0
GrupoL,046,0,0
GrupoL,047,0,0
GrupoL,048,0,0
GrupoL,049,0,0
GrupoL,050,1,1
GrupoL,051,1,1
GrupoL,052,1,1
GrupoL,053,1,1
GrupoL,054,0,0
GrupoL,055,0,0
GrupoL,056,0,0
GrupoL,057,0,0
GrupoL,058,0,0
GrupoL,059,1,0
GrupoL,060,1,0
GrupoL,061,1,0
GrupoL,062,1,0
GrupoL,063,0,0
GrupoL,064,0,0
GrupoL,065,0,0
GrupoL,066,0,0
GrupoL,067,1,1
GrupoL,068,1,0
GrupoL,069,1,0
GrupoL,070,0,0
GrupoL_Z,001,0,0
GrupoL_Z,002,0,0
GrupoL_Z,003,0,0
GrupoL_Z,004,0,0
GrupoL_Z,005,0,0
GrupoL_Z,006,0,0
GrupoL_Z,007,0,0
GrupoL_Z,008,0,0
GrupoL_Z,009,0,0
GrupoL_Z,010,0,0
GrupoL_Z,011,0,0
GrupoL_Z,012,0,0
GrupoL_Z,013,0,0
GrupoL_Z,014,0,0
GrupoL_Z,015,0,0
GrupoL_Z,016,0,0
GrupoL_Z,017,0,0
GrupoL_Z,018,0,0
GrupoL_Z,019,0,0
GrupoL_Z,020,0,0
GrupoL_Z,021,0,0
GrupoL_Z,022,0,0
GrupoL_Z,023,0,0
GrupoL_Z,024,0,0
GrupoL_Z,025,0,0
GrupoL_Z,026,0,0
GrupoL_Z,027,0,0
GrupoL_Z,028,0,0
GrupoL_Z,029,0,0
GrupoL_Z,030,0,0
GrupoL_Z,031,0,0
GrupoL_Z,032,0,0
GrupoL_Z,033,0,0
GrupoL_Z,034,0,0
GrupoL_Z,035,0,0
GrupoL_Z,036,0,0
GrupoL_Z,037,0,0
GrupoL_Z,038,0,0
GrupoL_Z,039,0,0
GrupoL_Z,040,0,0
GrupoL_Z,041,0,0
GrupoL_Z,042,0,0
GrupoL_Z,043,0,0
GrupoL_Z,044,0,0
GrupoL_Z,045,0,0
GrupoL_Z,046,0,0
GrupoL_Z,047,0,0
GrupoL_Z,048,0,0
GrupoL_Z,049,0,0
GrupoL_Z,050,0,0
GrupoL_Z,051,0,0
GrupoL_Z,052,0,0
GrupoL_Z,053,0,0
GrupoL_Z,054,0,0
GrupoL_Z,055,0,0
GrupoL_Z,056,0,0
GrupoL_Z,057,0,0
GrupoL_Z,058,0,0
GrupoL_Z,059,1,0
GrupoL_Z,060,1,0
GrupoL_Z,061,1,0
GrupoL_Z,062,1,0
GrupoL_Z,063,0,0
GrupoL_Z,064,0,0
GrupoL_Z,065,0,0
GrupoL_Z,066,0,0
GrupoL_Z,067,0,0
GrupoL_Z,068,1,0
GrupoL_Z,069,1,0
GrupoL_Z,070,0,0
GrupoL_Z,001,0,0
GrupoL_Z,002,0,0
GrupoL_Z,003,0,0
GrupoL_Z,004,0,0
GrupoL_Z,005,0,0
GrupoL_Z,006,0,0
GrupoL_Z,007,0,0
GrupoL_Z,008,0,0
GrupoL_Z,009,0,0
GrupoL_Z,010,0,0
GrupoL_Z,011,0,0
GrupoL_Z,012,0,0
GrupoL_Z,013,0,0
GrupoL_Z,014,0,0
GrupoL_Z,015,0,0
GrupoL_Z,016,0,0
GrupoL_Z,017,0,0
GrupoL_Z,018,0,0
GrupoL_Z,019,0,0
GrupoL_Z,020,0,0
GrupoL_Z,021,0,0
GrupoL_Z,022,0,0
GrupoL_Z,023,0,0
GrupoL_Z,024,0,0
GrupoL_Z,025,0,0
GrupoL_Z,026,0,0
GrupoL_Z,027,0,0
GrupoL_Z,028,0,0
GrupoL_Z,029,0,0
GrupoL_Z,030,0,0
GrupoL_Z,031,0,0
GrupoL_Z,032,0,0
GrupoL_Z,033,0,0
GrupoL_Z,034,0,0
GrupoL_Z,035,0,0
GrupoL_Z,036,0,0
GrupoL_Z,037,0,0
GrupoL_Z,038,0,0
GrupoL_Z,039,0,0
GrupoL_Z,040,0,0
GrupoL_Z,041,0,0
GrupoL_Z,042,0,0
GrupoL_Z,043,0,0
GrupoL_Z,044,0,0
GrupoL_Z,045,0,0
GrupoL_Z,046,0,0
GrupoL_Z,047,0,0
GrupoL_Z,048,0,0
GrupoL_Z,049,0,0
GrupoL_Z,050,0,0
GrupoL_Z,051,0,0
GrupoL_Z,052,0,0
GrupoL_Z,053,0,0
GrupoL_Z,054,0,0
GrupoL_Z,055,0,0
GrupoL_Z,056,0,0
GrupoL_Z,057,0,0
GrupoL_Z,058,0,0
GrupoL_Z,059,1,0
GrupoL_Z,060,1,0
GrupoL_Z,061,1,0
GrupoL_Z,062,1,0
GrupoL_Z,063,0,0
GrupoL_Z,064,0,0
GrupoL_Z,065,0,0
GrupoL_Z,066,0,0
GrupoL_Z,067,0,0
GrupoL_Z,068,1,0
GrupoL_Z,069,1,0
GrupoL_Z,070,0,0
GrupoM,001,0,0
GrupoM,002,0,0
GrupoM,003,0,0
GrupoM,004,0,0
GrupoM,005,0,0
GrupoM,006,0,0
GrupoM,007,0,0
GrupoM,008,0,0
GrupoM,009,0,0
GrupoM,010,0,0
GrupoM,011,0,0
GrupoM,012,0,0
GrupoM,013,0,0
GrupoM,014,0,0
GrupoM,015,0,0
GrupoM,016,0,0
GrupoM,017,0,0
GrupoM,018,0,0
GrupoM,019,0,0
GrupoM,020,0,0
GrupoM,021,0,0
GrupoM,022,0,0
GrupoM,023,0,0
GrupoM,024,0,0
GrupoM,025,0,0
GrupoM,026,0,0
GrupoM,027,0,0
GrupoM,028,0,0
GrupoM,029,0,0
GrupoM,030,0,0
GrupoM,031,0,0
GrupoM,032,0,0
GrupoM,033,0,0
GrupoM,034,0,0
GrupoM,035,0,0
GrupoM,036,0,0
GrupoM,037,0,0
GrupoM,038,0,0
GrupoM,039,0,0
GrupoM,040,0,0
GrupoM,041,0,0
GrupoM,042,0,0
GrupoM,043,0,0
GrupoM,044,0,0
GrupoM,045,0,0
GrupoM,046,0,0
GrupoM,047,0,0
GrupoM,048,0,0
GrupoM,049,0,0
GrupoM,050,0,0
GrupoM,051,0,0
GrupoM,052,0,0
GrupoM,053,0,0
GrupoM,054,0,0
GrupoM,055,0,0
GrupoM,056,0,0
GrupoM,057,0,0
GrupoM,058,0,0
GrupoM,059,1,0
GrupoM,060,1,0
GrupoM,061,1,0
GrupoM,062,1,0
GrupoM,063,0,0
GrupoM,064,0,0
GrupoM,065,0,0
GrupoM,066,0,0
GrupoM,067,0,0
GrupoM,068,1,0
GrupoM,069,1,0
GrupoM,070,0,0
GrupoM_Z,001,0,0
GrupoM_Z,002,0,0
GrupoM_Z,003,0,0
GrupoM_Z,004,0,0
GrupoM_Z,005,0,0
GrupoM_Z,006,0,0
GrupoM_Z,007,0,0
GrupoM_Z,008,0,0
GrupoM_Z,009,0,0
GrupoM_Z,010,0,0
GrupoM_Z,011,0,0
GrupoM_Z,012,0,0
GrupoM_Z,013,0,0
GrupoM_Z,014,0,0
GrupoM_Z,015,0,0
GrupoM_Z,016,0,0
GrupoM_Z,017,0,0
GrupoM_Z,018,0,0
GrupoM_Z,019,0,0
GrupoM_Z,020,0,0
GrupoM_Z,021,0,0
GrupoM_Z,022,0,0
GrupoM_Z,023,0,0
GrupoM_Z,024,0,0
GrupoM_Z,025,0,0
GrupoM_Z,026,0,0
GrupoM_Z,027,0,0
GrupoM_Z,028,0,0
GrupoM_Z,029,0,0
GrupoM_Z,030,0,0
GrupoM_Z,031,0,0
GrupoM_Z,032,0,0
GrupoM_Z,033,0,0
GrupoM_Z,034,0,0
GrupoM_Z,035,0,0
GrupoM_Z,036,0,0
GrupoM_Z,037,0,0
GrupoM_Z,038,0,0
GrupoM_Z,039,0,0
GrupoM_Z,040,0,0
GrupoM_Z,041,0,0
GrupoM_Z,042,0,0
GrupoM_Z,043,0,0
GrupoM_Z,044,0,0
GrupoM_Z,045,0,0
GrupoM_Z,046,0,0
GrupoM_Z,047,0,0
GrupoM_Z,048,0,0
GrupoM_Z,049,0,0
GrupoM_Z,050,0,0
GrupoM_Z,051,0,0
GrupoM_Z,052,0,0
GrupoM_Z,053,0,0
GrupoM_Z,054,0,0
GrupoM_Z,055,0,0
GrupoM_Z,056,0,0
GrupoM_Z,057,0,0
GrupoM_Z,058,0,0
GrupoM_Z,059,1,0
GrupoM_Z,060,1,0
GrupoM_Z,061,1,0
GrupoM_Z,062,1,0
GrupoM_Z,063,0,0
GrupoM_Z,064,0,0
GrupoM_Z,065,0,0
GrupoM_Z,066,0,0
GrupoM_Z,067,0,0
GrupoM_Z,068,1,0
GrupoM_Z,069,1,0
GrupoM_Z,070,0,0
GrupoM_Z,001,0,0
GrupoM_Z,002,0,0
GrupoM_Z,003,0,0
GrupoM_Z,004,0,0
GrupoM_Z,005,0,0
GrupoM_Z,006,0,0
GrupoM_Z,007,0,0
GrupoM_Z,008,0,0
GrupoM_Z,009,0,0
GrupoM_Z,010,0,0
GrupoM_Z,011,0,0
GrupoM_Z,012,0,0
GrupoM_Z,013,0,0
GrupoM_Z,014,0,0
GrupoM_Z,015,0,0
GrupoM_Z,016,0,0
GrupoM_Z,017,0,0
GrupoM_Z,018,0,0
GrupoM_Z,019,0,0
GrupoM_Z,020,0,0
GrupoM_Z,021,0,0
GrupoM_Z,022,0,0
GrupoM_Z,023,0,0
GrupoM_Z,024,0,0
GrupoM_Z,025,0,0
GrupoM_Z,026,0,0
GrupoM_Z,027,0,0
GrupoM_Z,028,0,0
GrupoM_Z,029,0,0
GrupoM_Z,030,0,0
GrupoM_Z,031,0,0
GrupoM_Z,032,0,0
GrupoM_Z,033,0,0
GrupoM_Z,034,0,0
GrupoM_Z,035,0,0
GrupoM_Z,036,0,0
GrupoM_Z,037,0,0
GrupoM_Z,038,0,0
GrupoM_Z,039,0,0
GrupoM_Z,040,0,0
GrupoM_Z,041,0,0
GrupoM_Z,042,0,0
GrupoM_Z,043,0,0
GrupoM_Z,044,0,0
GrupoM_Z,045,0,0
GrupoM_Z,046,0,0
GrupoM_Z,047,0,0
GrupoM_Z,048,0,0
GrupoM_Z,049,0,0
GrupoM_Z,050,0,0
GrupoM_Z,051,0,0
GrupoM_Z,052,0,0
GrupoM_Z,053,0,0
GrupoM_Z,054,0,0
GrupoM_Z,055,0,0
GrupoM_Z,056,0,0
GrupoM_Z,057,0,0
GrupoM_Z,058,0,0
GrupoM_Z,059,1,0
GrupoM_Z,060,1,0
GrupoM_Z,061,1,0
GrupoM_Z,062,1,0
GrupoM_Z,063,0,0
GrupoM_Z,064,0,0
GrupoM_Z,065,0,0
GrupoM_Z,066,0,0
GrupoM_Z,067,0,0
GrupoM_Z,068,1,0
GrupoM_Z,069,1,0
GrupoM_Z,070,0,0
GrupoN_Z,001,0,0
GrupoN_Z,002,0,0
GrupoN_Z,003,0,0
GrupoN_Z,004,0,0
GrupoN_Z,005,0,0
GrupoN_Z,006,0,0
GrupoN_Z,007,0,0
GrupoN_Z,008,0,0
GrupoN_Z,009,0,0
GrupoN_Z,010,0,0
GrupoN_Z,011,0,0
GrupoN_Z,012,0,0
GrupoN_Z,013,0,0
GrupoN_Z,014,0,0
GrupoN_Z,015,0,0
GrupoN_Z,016,0,0
GrupoN_Z,017,0,0
GrupoN_Z,018,0,0
GrupoN_Z,019,0,0
GrupoN_Z,020,0,0
GrupoN_Z,021,0,0
GrupoN_Z,022,0,0
GrupoN_Z,023,0,0
GrupoN_Z,024,0,0
GrupoN_Z,025,0,0
GrupoN_Z,026,0,0
GrupoN_Z,027,0,0
GrupoN_Z,028,0,0
GrupoN_Z,029,0,0
GrupoN_Z,030,0,0
GrupoN_Z,031,0,0
GrupoN_Z,032,0,0
GrupoN_Z,033,0,0
GrupoN_Z,034,0,0
GrupoN_Z,035,0,0
GrupoN_Z,036,0,0
GrupoN_Z,037,0,0
GrupoN_Z,038,0,0
GrupoN_Z,039,0,0
GrupoN_Z,040,0,0
GrupoN_Z,041,0,1
GrupoN_Z,042,0,0
GrupoN_Z,043,0,0
GrupoN_Z,044,0,0
GrupoN_Z,045,0,0
GrupoN_Z,046,0,0
GrupoN_Z,047,0,0
GrupoN_Z,048,0,0
GrupoN_Z,049,0,0
GrupoN_Z,050,0,0
GrupoN_Z,051,0,0
GrupoN_Z,052,0,0
GrupoN_Z,053,0,0
GrupoN_Z,054,0,0
GrupoN_Z,055,0,0
GrupoN_Z,056,0,0
GrupoN_Z,057,0,0
GrupoN_Z,058,0,0
GrupoN_Z,059,1,0
GrupoN_Z,060,1,0
GrupoN_Z,061,1,0
GrupoN_Z,062,1,0
GrupoN_Z,063,0,0
GrupoN_Z,064,0,0
GrupoN_Z,065,0,0
GrupoN_Z,066,0,1
GrupoN_Z,067,0,0
GrupoN_Z,068,1,0
GrupoN_Z,069,1,0
GrupoN_Z,070,0,0
GrupoO,001,0,0
GrupoO,002,0,0
GrupoO,003,0,0
GrupoO,004,0,0
GrupoO,005,0,0
GrupoO,006,0,0
GrupoO,007,0,0
GrupoO,008,0,0
GrupoO,009,0,0
GrupoO,010,0,0
GrupoO,011,0,0
GrupoO,012,0,0
GrupoO,013,0,0
GrupoO,014,0,0
GrupoO,015,0,0
GrupoO,016,0,0
GrupoO,017,0,0
GrupoO,018,0,0
GrupoO,019,0,0
GrupoO,020,0,0
GrupoO,021,0,0
GrupoO,022,0,0
GrupoO,023,0,0
GrupoO,024,0,0
GrupoO,025,0,0
GrupoO,026,0,0
GrupoO,027,0,0
GrupoO,028,0,0
GrupoO,029,0,0
GrupoO,030,0,0
GrupoO,031,0,0
GrupoO,032,0,0
GrupoO,033,0,0
GrupoO,034,0,0
GrupoO,035,0,0
GrupoO,036,0,0
GrupoO,037,0,0
GrupoO,038,0,0
GrupoO,039,0,0
GrupoO,040,0,0
GrupoO,041,0,0
GrupoO,042,0,0
GrupoO,043,0,0
GrupoO,044,0,0
GrupoO,045,0,0
GrupoO,046,0,0
GrupoO,047,0,0
GrupoO,048,0,0
GrupoO,049,0,0
GrupoO,050,0,0
GrupoO,051,0,0
GrupoO,052,0,0
GrupoO,053,0,0
GrupoO,054,0,0
GrupoO,055,0,0
GrupoO,056,0,0
GrupoO,057,0,0
GrupoO,058,0,0
GrupoO,059,2,1
GrupoO,060,2,1
GrupoO,061,1,0
GrupoO,062,1,0
GrupoO,063,0,0
GrupoO,064,0,0
GrupoO,065,0,0
GrupoO,066,0,0
GrupoO,067,0,0
GrupoO,068,1,0
GrupoO,069,1,0
GrupoO,070,0,0
GrupoO_Z,001,0,0
GrupoO_Z,002,0,0
GrupoO_Z,003,0,0
GrupoO_Z,004,0,0
GrupoO_Z,005,0,0
GrupoO_Z,006,0,0
GrupoO_Z,007,0,0
GrupoO_Z,008,0,0
GrupoO_Z,009,0,0
GrupoO_Z,010,0,0
GrupoO_Z,011,0,0
GrupoO_Z,012,0,0
GrupoO_Z,013,0,0
GrupoO_Z,014,0,0
GrupoO_Z,015,0,0
GrupoO_Z,016,0,0
GrupoO_Z,017,0,0
GrupoO_Z,018,0,0
GrupoO_Z,019,0,0
GrupoO_Z,020,0,0
GrupoO_Z,021,0,0
GrupoO_Z,022,0,0
GrupoO_Z,023,0,0
GrupoO_Z,024,0,0
GrupoO_Z,025,0,0
GrupoO_Z,026,0,0
GrupoO_Z,027,0,0
GrupoO_Z,028,0,0
GrupoO_Z,029,0,0
GrupoO_Z,030,0,0
GrupoO_Z,031,0,0
GrupoO_Z,032,0,0
GrupoO_Z,033,0,0
GrupoO_Z,034,0,0
GrupoO_Z,035,0,0
GrupoO_Z,036,0,0
GrupoO_Z,037,0,0
GrupoO_Z,038,0,0
GrupoO_Z,039,0,0
GrupoO_Z,040,0,0
GrupoO_Z,041,0,0
GrupoO_Z,042,0,0
GrupoO_Z,043,0,0
GrupoO_Z,044,0,0
GrupoO_Z,045,0,0
GrupoO_Z,046,0,0
GrupoO_Z,047,0,0
GrupoO_Z,048,0,0
GrupoO_Z,049,0,0
GrupoO_Z,050,0,0
GrupoO_Z,051,0,0
GrupoO_Z,052,0,0
GrupoO_Z,053,0,0
GrupoO_Z,054,0,0
GrupoO_Z,055,0,0
GrupoO_Z,056,0,0
GrupoO_Z,057,0,0
GrupoO_Z,058,0,0
GrupoO_Z,059,1,0
GrupoO_Z,060,1,0
GrupoO_Z,061,1,0
GrupoO_Z,062,1,0
GrupoO_Z,063,0,0
GrupoO_Z,064,0,0
GrupoO_Z,065,0,0
GrupoO_Z,066,0,0
GrupoO_Z,067,0,0
GrupoO_Z,068,1,0
GrupoO_Z,069,1,0
GrupoO_Z,070,0,0
GrupoO_Z,001,0,0
GrupoO_Z,002,0,0
GrupoO_Z,003,0,0
GrupoO_Z,004,0,0
GrupoO_Z,005,0,0
GrupoO_Z,006,0,0
GrupoO_Z,007,0,0
GrupoO_Z,008,0,0
GrupoO_Z,009,0,0
GrupoO_Z,010,0,0
GrupoO_Z,011,0,0
GrupoO_Z,012,0,0
GrupoO_Z,013,0,0
GrupoO_Z,014,0,0
GrupoO_Z,015,0,0
GrupoO_Z,016,0,0
GrupoO_Z,017,0,0
GrupoO_Z,018,0,0
GrupoO_Z,019,0,0
GrupoO_Z,020,0,0
GrupoO_Z,021,0,0
GrupoO_Z,022,0,0
GrupoO_Z,023,0,0
GrupoO_Z,024,0,0
GrupoO_Z,025,0,0
GrupoO_Z,026,0,0
GrupoO_Z,027,0,0
GrupoO_Z,028,0,0
GrupoO_Z,029,0,0
GrupoO_Z,030,0,0
GrupoO_Z,031,0,0
GrupoO_Z,032,0,0
GrupoO_Z,033,0,0
GrupoO_Z,034,0,0
GrupoO_Z,035,0,0
GrupoO_Z,036,0,0
GrupoO_Z,037,0,0
GrupoO_Z,038,0,0
GrupoO_Z,039,0,0
GrupoO_Z,040,0,0
GrupoO_Z,041,0,0
GrupoO_Z,042,0,0
GrupoO_Z,043,0,0
GrupoO_Z,044,0,0
GrupoO_Z,045,0,0
GrupoO_Z,046,0,0
GrupoO_Z,047,0,0
GrupoO_Z,048,0,0
GrupoO_Z,049,0,0
GrupoO_Z,050,0,0
GrupoO_Z,051,0,0
GrupoO_Z,052,0,0
GrupoO_Z,053,0,0
GrupoO_Z,054,0,0
GrupoO_Z,055,0,0
GrupoO_Z,056,0,0
GrupoO_Z,057,0,0
GrupoO_Z,058,0,0
GrupoO_Z,059,1,0
GrupoO_Z,060,1,0
GrupoO_Z,061,1,0
GrupoO_Z,062,1,0
GrupoO_Z,063,0,0
GrupoO_Z,064,0,0
GrupoO_Z,065,0,0
GrupoO_Z,066,0,0
GrupoO_Z,067,0,0
GrupoO_Z,068,1,0
GrupoO_Z,069,1,0
GrupoO_Z,070,0,0
GrupoP_Z,001,0,0
GrupoP_Z,002,0,0
GrupoP_Z,003,0,0
GrupoP_Z,004,0,0
GrupoP_Z,005,0,0
GrupoP_Z,006,0,0
GrupoP_Z,007,0,0
GrupoP_Z,008,0,0
GrupoP_Z,009,0,0
GrupoP_Z,010,0,0
GrupoP_Z,011,0,0
GrupoP_Z,012,0,0
GrupoP_Z,013,0,0
GrupoP_Z,014,0,0
GrupoP_Z,015,0,0
GrupoP_Z,016,0,0
GrupoP_Z,017,0,0
GrupoP_Z,018,0,0
GrupoP_Z,019,0,0
GrupoP_Z,020,0,0
GrupoP_Z,021,0,0
GrupoP_Z,022,0,0
GrupoP_Z,023,0,0
GrupoP_Z,024,0,0
GrupoP_Z,025,0,0
GrupoP_Z,026,0,0
GrupoP_Z,027,0,0
GrupoP_Z,028,0,0
GrupoP_Z,029,0,0
GrupoP_Z,030,0,0
GrupoP_Z,031,0,0
GrupoP_Z,032,0,0
GrupoP_Z,033,0,0
GrupoP_Z,034,0,0
GrupoP_Z,035,0,0
GrupoP_Z,036,0,0
GrupoP_Z,037,0,0
GrupoP_Z,038,0,0
GrupoP_Z,039,0,0
GrupoP_Z,040,0,0
GrupoP_Z,041,0,0
GrupoP_Z,042,0,0
GrupoP_Z,043,0,0
GrupoP_Z,044,0,0
GrupoP_Z,045,0,0
GrupoP_Z,046,0,0
GrupoP_Z,047,0,0
GrupoP_Z,048,0,0
GrupoP_Z,049,0,0
GrupoP_Z,050,0,0
GrupoP_Z,051,0,0
GrupoP_Z,052,0,0
GrupoP_Z,053,0,0
GrupoP_Z,054,0,0
GrupoP_Z,055,0,0
GrupoP_Z,056,0,0
GrupoP_Z,057,0,0
GrupoP_Z,058,1,1
GrupoP_Z,059,1,0
GrupoP_Z,060,1,0
GrupoP_Z,061,0,1
GrupoP_Z,062,0,1
GrupoP_Z,063,0,0
GrupoP_Z,064,0,0
GrupoP_Z,065,0,0
GrupoP_Z,066,0,0
GrupoP_Z,067,0,0
GrupoP_Z,068,1,0
GrupoP_Z,069,0,1
GrupoP_Z,070,0,0
GrupoR_Z,001,0,0
GrupoR_Z,002,0,0
GrupoR_Z,003,0,0
GrupoR_Z,004,0,0
GrupoR_Z,005,0,0
GrupoR_Z,006,0,0
GrupoR_Z,007,0,0
GrupoR_Z,008,0,0
GrupoR_Z,009,0,0
GrupoR_Z,010,0,0
GrupoR_Z,011,0,0
GrupoR_Z,012,0,0
GrupoR_Z,013,0,0
GrupoR_Z,014,0,0
GrupoR_Z,015,0,0
GrupoR_Z,016,0,0
GrupoR_Z,017,0,0
GrupoR_Z,018,0,0
GrupoR_Z,019,0,0
GrupoR_Z,020,0,0
GrupoR_Z,021,0,0
GrupoR_Z,022,0,0
GrupoR_Z,023,0,0
GrupoR_Z,024,0,0
GrupoR_Z,025,0,0
GrupoR_Z,026,0,0
GrupoR_Z,027,0,0
GrupoR_Z,028,0,0
GrupoR_Z,029,0,0
GrupoR_Z,030,0,0
GrupoR_Z,031,0,0
GrupoR_Z,032,0,0
GrupoR_Z,033,0,0
GrupoR_Z,034,0,0
GrupoR_Z,035,0,0
GrupoR_Z,036,0,0
GrupoR_Z,037,0,0
GrupoR_Z,038,0,0
GrupoR_Z,039,0,0
GrupoR_Z,040,0,0
GrupoR_Z,041,0,0
GrupoR_Z,042,0,0
GrupoR_Z,043,0,0
GrupoR_Z,044,0,0
GrupoR_Z,045,0,0
GrupoR_Z,046,0,0
GrupoR_Z,047,0,0
GrupoR_Z,048,0,0
GrupoR_Z,049,0,0
GrupoR_Z,050,0,0
GrupoR_Z,051,0,0
GrupoR_Z,052,0,0
GrupoR_Z,053,0,0
GrupoR_Z,054,0,0
GrupoR_Z,055,0,0
GrupoR_Z,056,0,0
GrupoR_Z,057,0,0
GrupoR_Z,058,0,0
GrupoR_Z,059,2,1
GrupoR_Z,060,2,1
GrupoR_Z,061,1,0
GrupoR_Z,062,0,1
GrupoR_Z,063,0,0
GrupoR_Z,064,0,0
GrupoR_Z,065,0,0
GrupoR_Z,066,0,0
GrupoR_Z,067,0,0
GrupoR_Z,068,1,0
GrupoR_Z,069,0,1
GrupoR_Z,070,0,0
GrupoS,001,0,0
GrupoS,002,0,0
GrupoS,003,0,0
GrupoS,004,0,0
GrupoS,005,0,0
GrupoS,006,0,0
GrupoS,007,0,0
GrupoS,008,0,0
GrupoS,009,0,0
GrupoS,010,0,0
GrupoS,011,0,0
GrupoS,012,0,0
GrupoS,013,0,0
GrupoS,014,0,0
GrupoS,015,0,0
GrupoS,016,0,0
GrupoS,017,0,0
GrupoS,018,0,0
GrupoS,019,0,0
GrupoS,020,0,0
GrupoS,021,0,0
GrupoS,022,0,0
GrupoS,023,0,0
GrupoS,024,0,0
GrupoS,025,0,0
GrupoS,026,0,0
GrupoS,027,0,0
GrupoS,028,0,0
GrupoS,029,0,0
GrupoS,030,0,0
GrupoS,031,0,0
GrupoS,032,0,0
GrupoS,033,0,0
GrupoS,034,0,0
GrupoS,035,0,0
GrupoS,036,0,0
GrupoS,037,0,0
GrupoS,038,0,0
GrupoS,039,0,0
GrupoS,040,0,0
GrupoS,041,0,0
GrupoS,042,0,0
GrupoS,043,0,0
GrupoS,044,0,0
GrupoS,045,0,0
GrupoS,046,0,0
GrupoS,047,0,0
GrupoS,048,0,0
GrupoS,049,0,0
GrupoS,050,0,0
GrupoS,051,0,0
GrupoS,052,0,0
GrupoS,053,0,0
GrupoS,054,0,0
GrupoS,055,0,0
GrupoS,056,0,0
GrupoS,057,0,0
GrupoS,058,0,0
GrupoS,059,1,0
GrupoS,060,1,0
GrupoS,061,1,0
GrupoS,062,1,0
GrupoS,063,0,0
GrupoS,064,0,0
GrupoS,065,0,0
GrupoS,066,0,0
GrupoS,067,0,0
GrupoS,068,1,0
GrupoS,069,1,0
GrupoS,070,0,0
GrupoT,001,0,0
GrupoT,002,0,0
GrupoT,003,0,0
GrupoT,004,0,0
GrupoT,005,0,0
GrupoT,006,0,0
GrupoT,007,0,0
GrupoT,008,0,0
GrupoT,009,0,0
GrupoT,010,0,0
GrupoT,011,0,0
GrupoT,012,0,0
GrupoT,013,0,0
GrupoT,014,0,0
GrupoT,015,0,0
GrupoT,016,0,0
GrupoT,017,0,0
GrupoT,018,0,0
GrupoT,019,0,0
GrupoT,020,0,0
GrupoT,021,0,0
GrupoT,022,0,0
GrupoT,023,0,0
GrupoT,024,0,0
GrupoT,025,0,0
GrupoT,026,0,0
GrupoT,027,0,0
GrupoT,028,0,0
GrupoT,029,0,0
GrupoT,030,0,0
GrupoT,031,0,0
GrupoT,032,0,0
GrupoT,033,0,0
GrupoT,034,0,0
GrupoT,035,0,0
GrupoT,036,0,0
GrupoT,037,0,0
GrupoT,038,0,0
GrupoT,039,0,0
GrupoT,040,0,0
GrupoT,041,0,0
GrupoT,042,0,0
GrupoT,043,0,0
GrupoT,044,0,0
GrupoT,045,0,0
GrupoT,046,0,0
GrupoT,047,0,0
GrupoT,048,0,0
GrupoT,049,0,0
GrupoT,050,0,0
GrupoT,051,0,0
GrupoT,052,0,0
GrupoT,053,0,0
GrupoT,054,0,0
GrupoT,055,0,0
GrupoT,056,0,0
GrupoT,057,0,0
GrupoT,058,0,0
GrupoT,059,1,0
GrupoT,060,1,0
GrupoT,061,1,0
GrupoT,062,1,0
GrupoT,063,0,0
GrupoT,064,0,0
GrupoT,065,0,0
GrupoT,066,0,0
GrupoT,067,0,0
GrupoT,068,1,0
GrupoT,069,1,0
GrupoT,070,0,0
GrupoZ_Z,001,0,0
GrupoZ_Z,002,0,0
GrupoZ_Z,003,0,0
GrupoZ_Z,004,0,0
GrupoZ_Z,005,0,0
GrupoZ_Z,006,0,0
GrupoZ_Z,007,0,0
GrupoZ_Z,008,0,0
GrupoZ_Z,009,0,0
GrupoZ_Z,010,0,0
GrupoZ_Z,011,0,0
GrupoZ_Z,012,0,0
GrupoZ_Z,013,0,0
GrupoZ_Z,014,0,0
GrupoZ_Z,015,0,0
GrupoZ_Z,016,0,0
GrupoZ_Z,017,0,0
GrupoZ_Z,018,0,0
GrupoZ_Z,019,0,0
GrupoZ_Z,020,0,0
GrupoZ_Z,021,0,0
GrupoZ_Z,022,0,0
GrupoZ_Z,023,0,0
GrupoZ_Z,024,0,0
GrupoZ_Z,025,0,0
GrupoZ_Z,026,0,0
GrupoZ_Z,027,0,0
GrupoZ_Z,028,0,0
GrupoZ_Z,029,0,0
GrupoZ_Z,030,0,0
GrupoZ_Z,031,0,0
GrupoZ_Z,032,0,0
GrupoZ_Z,033,0,0
GrupoZ_Z,034,0,0
GrupoZ_Z,035,0,0
GrupoZ_Z,036,0,0
GrupoZ_Z,037,0,0
GrupoZ_Z,038,0,0
GrupoZ_Z,039,0,0
GrupoZ_Z,040,0,0
GrupoZ_Z,041,0,0
GrupoZ_Z,042,0,0
GrupoZ_Z,043,0,0
GrupoZ_Z,044,0,0
GrupoZ_Z,045,0,0
GrupoZ_Z,046,0,0
GrupoZ_Z,047,0,0
GrupoZ_Z,048,0,0
GrupoZ_Z,049,0,0
GrupoZ_Z,050,0,0
GrupoZ_Z,051,0,0
GrupoZ_Z,052,0,0
GrupoZ_Z,053,0,0
GrupoZ_Z,054,0,0
GrupoZ_Z,055,0,0
GrupoZ_Z,056,0,0
GrupoZ_Z,057,0,0
GrupoZ_Z,058,1,1
GrupoZ_Z,059,1,0
GrupoZ_Z,060,1,0
GrupoZ_Z,061,1,0
GrupoZ_Z,062,1,0
GrupoZ_Z,063,0,0
GrupoZ_Z,064,0,0
GrupoZ_Z,065,0,0
GrupoZ_Z,066,0,0
GrupoZ_Z,067,0,0
GrupoZ_Z,068,1,0
GrupoZ_Z,069,1,0
GrupoZ_Z,070,0,0
